Date,Server_ID,Region,Server_Type,CPU_Utilization_Pct,Memory_Utilization_Pct,Disk_Utilization_Pct,Requests_Count,Network_Traffic_MBps,Avg_Response_Time_ms,Error_Count,Incident_Count,Server_Status,Availability_Pct
2026-07-01,SRV-101,Mumbai,Web,60.96,60.62,63.83,97845,396.59,169.46,19,0,Healthy,99.9806
2026-07-01,SRV-102,Mumbai,Web,48.03,56.75,52.86,61138,515.04,62.44,15,0,Healthy,99.9755
2026-07-01,SRV-103,Chennai,Database,44.1,47.88,71.19,71613,277.53,183.04,19,1,Healthy,99.9735
2026-07-01,SRV-104,Chennai,Database,47.79,59.08,52.58,102784,314.23,179.39,15,0,Healthy,99.9854
2026-07-01,SRV-105,Bengaluru,Application,88.34,73.94,59.97,88226,261.67,134.59,15,0,Warning,99.983
2026-07-01,SRV-106,Bengaluru,Application,59.12,44.37,60.92,69223,481.17,149.54,21,1,Healthy,99.9697
2026-07-01,SRV-107,Hyderabad,API,44.93,58.91,60.98,89633,401.43,158.44,15,1,Healthy,99.9833
2026-07-01,SRV-108,Hyderabad,API,54.14,72.04,61.25,65323,573.8,196.26,22,1,Healthy,99.9663
2026-07-01,SRV-109,Delhi,Web,56.04,59.01,58.83,45186,455.71,170.11,17,0,Healthy,99.9624
2026-07-01,SRV-110,Delhi,Database,52.45,57.73,62.51,92372,451.45,191.57,18,1,Healthy,99.9805
2026-07-02,SRV-101,Mumbai,Web,51.92,58.32,69.46,70620,454.55,60.52,14,0,Healthy,99.9802
2026-07-02,SRV-102,Mumbai,Web,53.06,66.04,74.98,77618,412.56,191.59,29,1,Healthy,99.9626
2026-07-02,SRV-103,Chennai,Database,55.72,86.63,56.27,79523,303.13,178.44,20,0,Warning,99.9749
2026-07-02,SRV-104,Chennai,Database,45.38,75.84,70.65,95884,427.69,140.37,23,0,Healthy,99.976
2026-07-02,SRV-105,Bengaluru,Application,56.2,56.97,44.04,76028,467.36,132.2,20,1,Healthy,99.9737
2026-07-02,SRV-106,Bengaluru,Application,45.6,58.78,65.32,56537,550.71,190.24,18,0,Healthy,99.9682
2026-07-02,SRV-107,Hyderabad,API,37.72,73.91,69.69,61992,541.71,207.79,11,2,Healthy,99.9823
2026-07-02,SRV-108,Hyderabad,API,58.52,54.86,74.79,82107,485.66,126.39,21,0,Healthy,99.9744
2026-07-02,SRV-109,Delhi,Web,64.24,74.68,61.82,89108,434.59,140.96,16,0,Healthy,99.982
2026-07-02,SRV-110,Delhi,Database,54.07,65.41,60.49,87407,565.35,180.59,19,0,Healthy,99.9783
2026-07-03,SRV-101,Mumbai,Web,43.44,71.77,58.38,72940,494.03,174.41,23,0,Healthy,99.9685
2026-07-03,SRV-102,Mumbai,Web,49.64,70.56,59.93,56313,458.53,187.79,19,2,Healthy,99.9663
2026-07-03,SRV-103,Chennai,Database,67.69,62.51,65.85,90992,558.2,136.84,15,3,Healthy,99.9835
2026-07-03,SRV-104,Chennai,Database,72.25,62.07,69.98,89823,437.62,190.45,16,0,Healthy,99.9822
2026-07-03,SRV-105,Bengaluru,Application,49.18,62.82,78.83,46991,258.73,210.88,5,1,Healthy,99.9894
2026-07-03,SRV-106,Bengaluru,Application,55.77,51.22,51.56,85193,441.65,147.13,9,1,Healthy,99.9894
2026-07-03,SRV-107,Hyderabad,API,30.7,63.86,52.04,87786,408.53,144.34,23,0,Healthy,99.9738
2026-07-03,SRV-108,Hyderabad,API,50.99,58.82,60.86,50816,546.64,222.54,21,1,Healthy,99.9587
2026-07-03,SRV-109,Delhi,Web,46.23,49.2,55.86,103080,326.74,179.13,18,0,Healthy,99.9825
2026-07-03,SRV-110,Delhi,Database,74.59,47.7,54.04,76961,276.41,244.86,18,1,Healthy,99.9766
2026-07-04,SRV-101,Mumbai,Web,57.39,56.0,58.63,69220,486.21,185.11,16,0,Healthy,99.9769
2026-07-04,SRV-102,Mumbai,Web,63.24,62.71,61.95,73372,440.76,158.11,16,0,Healthy,99.9782
2026-07-04,SRV-103,Chennai,Database,47.93,70.5,61.21,64606,450.73,220.48,21,0,Healthy,99.9675
2026-07-04,SRV-104,Chennai,Database,61.62,54.9,41.91,56691,536.19,149.89,17,1,Healthy,99.97
2026-07-04,SRV-105,Bengaluru,Application,55.15,71.31,53.29,89237,505.4,169.23,11,3,Healthy,99.9877
2026-07-04,SRV-106,Bengaluru,Application,33.5,57.53,68.84,57050,486.71,214.68,22,0,Healthy,99.9614
2026-07-04,SRV-107,Hyderabad,API,55.91,55.23,66.78,72794,387.86,142.85,13,1,Healthy,99.9821
2026-07-04,SRV-108,Hyderabad,API,57.94,56.93,53.76,78480,279.25,114.84,16,1,Healthy,99.9796
2026-07-04,SRV-109,Delhi,Web,65.29,60.4,57.83,59962,391.13,179.17,9,0,Healthy,99.985
2026-07-04,SRV-110,Delhi,Database,70.25,69.71,62.43,76333,335.59,114.95,24,1,Healthy,99.9686
2026-07-05,SRV-101,Mumbai,Web,55.84,71.84,62.26,75815,460.62,282.41,21,1,Healthy,99.9723
2026-07-05,SRV-102,Mumbai,Web,53.67,71.76,44.92,86760,284.49,172.9,16,0,Healthy,99.9816
2026-07-05,SRV-103,Chennai,Database,59.1,80.76,66.55,66346,469.19,139.57,27,1,Healthy,99.9593
2026-07-05,SRV-104,Chennai,Database,69.15,57.31,42.58,95308,543.78,174.85,17,0,Healthy,99.9822
2026-07-05,SRV-105,Bengaluru,Application,58.11,65.02,71.65,79686,260.09,165.91,19,1,Healthy,99.9762
2026-07-05,SRV-106,Bengaluru,Application,45.07,58.96,60.18,105710,575.13,185.17,23,1,Healthy,99.9782
2026-07-05,SRV-107,Hyderabad,API,42.76,59.31,71.4,88167,385.77,160.49,19,0,Healthy,99.9784
2026-07-05,SRV-108,Hyderabad,API,51.77,69.18,71.52,76111,281.99,253.29,18,0,Healthy,99.9764
2026-07-05,SRV-109,Delhi,Web,54.93,66.03,68.1,53382,412.47,174.47,12,0,Healthy,99.9775
2026-07-05,SRV-110,Delhi,Database,59.4,52.6,53.38,59111,515.51,177.18,20,0,Healthy,99.9662
2026-07-06,SRV-101,Mumbai,Web,45.21,56.41,45.09,72127,191.72,182.59,20,2,Healthy,99.9723
2026-07-06,SRV-102,Mumbai,Web,53.65,59.79,63.53,86362,362.42,156.13,16,1,Healthy,99.9815
2026-07-06,SRV-103,Chennai,Database,74.74,59.51,63.19,79668,531.96,318.55,12,1,Healthy,99.9849
2026-07-06,SRV-104,Chennai,Database,45.92,47.78,52.18,58776,508.16,255.92,22,0,Healthy,99.9626
2026-07-06,SRV-105,Bengaluru,Application,83.49,72.15,54.04,98730,353.16,162.54,16,1,Healthy,99.9838
2026-07-06,SRV-106,Bengaluru,Application,55.33,63.27,54.75,71422,357.4,159.39,13,0,Healthy,99.9818
2026-07-06,SRV-107,Hyderabad,API,55.58,53.69,60.43,74246,329.24,169.25,22,0,Healthy,99.9704
2026-07-06,SRV-108,Hyderabad,API,61.34,64.08,76.39,99294,343.83,221.99,14,0,Healthy,99.9859
2026-07-06,SRV-109,Delhi,Web,35.47,62.48,60.34,61435,253.85,208.74,13,1,Healthy,99.9788
2026-07-06,SRV-110,Delhi,Database,44.68,58.15,67.06,66346,307.03,217.61,21,0,Healthy,99.9683
2026-07-07,SRV-101,Mumbai,Web,33.76,51.67,59.53,76340,578.01,201.96,23,1,Healthy,99.9699
2026-07-07,SRV-102,Mumbai,Web,51.18,58.81,62.89,90523,456.08,80.64,24,1,Healthy,99.9735
2026-07-07,SRV-103,Chennai,Database,46.88,39.7,67.46,62346,421.61,108.89,24,1,Healthy,99.9615
2026-07-07,SRV-104,Chennai,Database,44.38,64.87,59.49,83534,379.96,140.63,22,1,Healthy,99.9737
2026-07-07,SRV-105,Bengaluru,Application,49.15,66.04,48.18,62744,460.2,247.94,24,1,Healthy,99.9617
2026-07-07,SRV-106,Bengaluru,Application,70.44,57.55,54.15,66710,517.36,223.37,20,1,Healthy,99.97
2026-07-07,SRV-107,Hyderabad,API,42.3,56.87,59.54,87533,187.53,139.91,27,1,Healthy,99.9692
2026-07-07,SRV-108,Hyderabad,API,52.57,62.47,74.04,83854,464.21,189.76,13,1,Healthy,99.9845
2026-07-07,SRV-109,Delhi,Web,57.21,63.0,57.19,86716,472.4,294.24,17,0,Healthy,99.9804
2026-07-07,SRV-110,Delhi,Database,42.85,45.45,65.41,76099,290.49,121.95,21,0,Healthy,99.9724
2026-07-08,SRV-101,Mumbai,Web,41.49,60.51,57.94,55212,404.28,216.2,16,1,Healthy,99.971
2026-07-08,SRV-102,Mumbai,Web,42.79,67.17,50.81,72531,435.83,180.03,19,1,Healthy,99.9738
2026-07-08,SRV-103,Chennai,Database,53.62,63.55,81.13,58393,154.06,242.49,17,1,Healthy,99.9709
2026-07-08,SRV-104,Chennai,Database,58.48,59.45,56.65,82916,287.35,217.5,17,0,Healthy,99.9795
2026-07-08,SRV-105,Bengaluru,Application,66.23,74.72,64.5,58064,468.94,156.4,20,0,Healthy,99.9656
2026-07-08,SRV-106,Bengaluru,Application,64.77,52.6,60.11,78791,319.29,254.09,14,1,Healthy,99.9822
2026-07-08,SRV-107,Hyderabad,API,34.96,79.65,46.83,62755,244.69,239.21,15,0,Healthy,99.9761
2026-07-08,SRV-108,Hyderabad,API,30.02,78.96,59.9,73549,459.91,155.48,24,2,Healthy,99.9674
2026-07-08,SRV-109,Delhi,Web,80.86,68.72,52.39,68727,430.08,122.02,15,1,Healthy,99.9782
2026-07-08,SRV-110,Delhi,Database,35.44,67.52,76.05,85763,472.69,158.89,24,1,Healthy,99.972
2026-07-09,SRV-101,Mumbai,Web,42.95,67.1,56.58,87098,183.03,197.26,8,1,Healthy,99.9908
2026-07-09,SRV-102,Mumbai,Web,37.79,67.81,44.28,63023,331.62,240.36,15,0,Healthy,99.9762
2026-07-09,SRV-103,Chennai,Database,60.92,63.85,50.27,85504,432.2,154.1,18,0,Healthy,99.9789
2026-07-09,SRV-104,Chennai,Database,50.77,64.43,59.62,69977,415.27,268.88,17,2,Healthy,99.9757
2026-07-09,SRV-105,Bengaluru,Application,62.46,46.3,51.46,71287,482.07,176.65,13,3,Healthy,99.9818
2026-07-09,SRV-106,Bengaluru,Application,65.01,66.59,57.37,50085,440.77,199.33,13,1,Healthy,99.974
2026-07-09,SRV-107,Hyderabad,API,42.03,72.53,57.64,85222,422.98,181.27,16,0,Healthy,99.9812
2026-07-09,SRV-108,Hyderabad,API,38.14,67.01,48.62,94168,433.5,168.25,16,1,Healthy,99.983
2026-07-09,SRV-109,Delhi,Web,65.41,64.83,45.85,83782,424.7,212.1,16,0,Healthy,99.9809
2026-07-09,SRV-110,Delhi,Database,82.59,58.37,53.99,96800,367.71,251.08,14,0,Healthy,99.9855
2026-07-10,SRV-101,Mumbai,Web,42.93,51.49,40.6,56889,488.26,131.82,27,0,Healthy,99.9525
2026-07-10,SRV-102,Mumbai,Web,66.81,59.86,57.55,85122,458.24,129.48,27,1,Healthy,99.9683
2026-07-10,SRV-103,Chennai,Database,47.35,56.69,52.39,66667,538.9,151.32,17,1,Healthy,99.9745
2026-07-10,SRV-104,Chennai,Database,48.37,68.33,59.83,52263,599.59,249.64,15,4,Healthy,99.9713
2026-07-10,SRV-105,Bengaluru,Application,44.79,63.05,42.26,56139,324.93,219.78,18,0,Healthy,99.9679
2026-07-10,SRV-106,Bengaluru,Application,48.79,64.24,57.85,92825,366.91,293.71,23,1,Healthy,99.9752
2026-07-10,SRV-107,Hyderabad,API,62.01,58.41,63.32,91630,470.73,216.92,21,1,Healthy,99.9771
2026-07-10,SRV-108,Hyderabad,API,52.99,63.47,68.86,62745,380.67,196.59,23,0,Healthy,99.9633
2026-07-10,SRV-109,Delhi,Web,64.81,47.11,58.22,76349,284.98,213.9,18,0,Healthy,99.9764
2026-07-10,SRV-110,Delhi,Database,57.99,77.77,57.14,79185,438.66,207.36,12,1,Healthy,99.9848
2026-07-11,SRV-101,Mumbai,Web,67.88,51.73,59.2,64498,267.68,233.78,21,1,Healthy,99.9674
2026-07-11,SRV-102,Mumbai,Web,73.79,61.34,53.0,103217,200.12,114.84,13,1,Healthy,99.9874
2026-07-11,SRV-103,Chennai,Database,57.93,56.36,46.48,88086,410.08,209.26,17,0,Healthy,99.9807
2026-07-11,SRV-104,Chennai,Database,65.77,59.93,51.6,64963,397.06,183.34,16,0,Healthy,99.9754
2026-07-11,SRV-105,Bengaluru,Application,59.11,66.57,63.13,81715,552.92,208.92,12,2,Healthy,99.9853
2026-07-11,SRV-106,Bengaluru,Application,42.63,61.5,61.37,63639,388.39,118.88,18,1,Healthy,99.9717
2026-07-11,SRV-107,Hyderabad,API,47.38,71.96,55.51,74619,351.18,172.21,18,0,Healthy,99.9759
2026-07-11,SRV-108,Hyderabad,API,64.43,66.25,49.3,74284,304.16,179.84,19,1,Healthy,99.9744
2026-07-11,SRV-109,Delhi,Web,57.5,41.58,55.78,64770,391.89,134.93,19,1,Healthy,99.9707
2026-07-11,SRV-110,Delhi,Database,71.79,71.25,58.54,65295,459.35,211.42,16,0,Healthy,99.9755
2026-07-12,SRV-101,Mumbai,Web,56.37,71.5,56.22,94759,638.25,198.06,21,0,Healthy,99.9778
2026-07-12,SRV-102,Mumbai,Web,47.18,57.16,55.12,81362,362.63,203.53,20,1,Healthy,99.9754
2026-07-12,SRV-103,Chennai,Database,55.46,63.2,63.52,59658,253.14,168.42,21,0,Healthy,99.9648
2026-07-12,SRV-104,Chennai,Database,36.26,82.02,57.05,101712,362.72,106.52,19,0,Healthy,99.9813
2026-07-12,SRV-105,Bengaluru,Application,72.72,75.8,52.37,80937,446.07,202.23,13,1,Healthy,99.9839
2026-07-12,SRV-106,Bengaluru,Application,54.69,73.73,62.89,69440,135.15,214.73,16,0,Healthy,99.977
2026-07-12,SRV-107,Hyderabad,API,59.49,61.13,65.27,56313,349.19,229.85,17,0,Healthy,99.9698
2026-07-12,SRV-108,Hyderabad,API,55.92,49.17,66.97,67593,377.19,109.95,19,0,Healthy,99.9719
2026-07-12,SRV-109,Delhi,Web,65.16,74.23,68.93,73657,549.87,196.32,24,0,Healthy,99.9674
2026-07-12,SRV-110,Delhi,Database,54.14,61.63,64.55,75779,411.93,212.97,16,0,Healthy,99.9789
2026-07-13,SRV-101,Mumbai,Web,56.67,66.53,56.8,91287,713.78,85.46,20,0,Healthy,99.9781
2026-07-13,SRV-102,Mumbai,Web,68.3,51.6,63.51,59198,611.4,151.93,24,3,Healthy,99.9595
2026-07-13,SRV-103,Chennai,Database,83.84,61.42,59.81,90759,538.7,229.75,14,0,Healthy,99.9846
2026-07-13,SRV-104,Chennai,Database,45.74,64.97,67.05,71214,563.52,195.33,17,2,Healthy,99.9761
2026-07-13,SRV-105,Bengaluru,Application,51.43,75.76,56.65,76883,421.56,172.21,16,0,Healthy,99.9792
2026-07-13,SRV-106,Bengaluru,Application,44.38,77.53,44.03,70446,359.9,121.81,10,1,Healthy,99.9858
2026-07-13,SRV-107,Hyderabad,API,28.01,55.17,58.53,91891,418.01,159.56,16,0,Healthy,99.9826
2026-07-13,SRV-108,Hyderabad,API,67.27,86.4,70.46,83458,505.34,206.76,28,0,Warning,99.9665
2026-07-13,SRV-109,Delhi,Web,51.97,65.92,56.3,83296,324.97,178.48,15,0,Healthy,99.982
2026-07-13,SRV-110,Delhi,Database,57.16,75.92,66.26,51442,514.08,135.47,17,0,Healthy,99.967
2026-07-14,SRV-101,Mumbai,Web,43.37,67.51,74.62,78334,326.28,187.22,18,1,Healthy,99.977
2026-07-14,SRV-102,Mumbai,Web,60.66,63.39,68.86,80759,460.12,167.22,14,0,Healthy,99.9827
2026-07-14,SRV-103,Chennai,Database,40.07,55.07,51.53,88423,544.77,166.73,20,1,Healthy,99.9774
2026-07-14,SRV-104,Chennai,Database,40.75,65.1,63.7,81206,407.02,171.66,19,0,Healthy,99.9766
2026-07-14,SRV-105,Bengaluru,Application,72.51,45.15,60.83,74968,342.77,198.65,17,2,Healthy,99.9773
2026-07-14,SRV-106,Bengaluru,Application,61.83,78.28,54.59,71946,318.52,153.82,14,0,Healthy,99.9805
2026-07-14,SRV-107,Hyderabad,API,45.89,62.33,52.4,85520,430.85,226.4,20,0,Healthy,99.9766
2026-07-14,SRV-108,Hyderabad,API,69.73,49.9,73.05,81285,414.42,148.27,13,0,Healthy,99.984
2026-07-14,SRV-109,Delhi,Web,44.02,62.81,72.25,70398,298.55,239.13,14,0,Healthy,99.9801
2026-07-14,SRV-110,Delhi,Database,69.56,63.42,78.87,80899,389.09,188.64,22,0,Healthy,99.9728
2026-07-15,SRV-101,Mumbai,Web,42.15,53.1,51.66,71416,490.81,183.92,15,0,Healthy,99.979
2026-07-15,SRV-102,Mumbai,Web,59.66,86.93,57.95,87577,410.11,183.68,16,3,Warning,99.9817
2026-07-15,SRV-103,Chennai,Database,52.9,54.44,62.83,61522,419.09,181.27,20,0,Healthy,99.9675
2026-07-15,SRV-104,Chennai,Database,84.58,59.0,52.15,82945,426.4,66.34,13,0,Healthy,99.9843
2026-07-15,SRV-105,Bengaluru,Application,55.68,67.3,57.37,82297,222.45,182.9,17,1,Healthy,99.9793
2026-07-15,SRV-106,Bengaluru,Application,73.37,74.19,56.08,97360,386.29,186.69,13,0,Healthy,99.9866
2026-07-15,SRV-107,Hyderabad,API,58.63,55.72,58.14,64069,511.24,110.96,20,0,Healthy,99.9688
2026-07-15,SRV-108,Hyderabad,API,38.6,59.75,47.47,47970,495.92,204.37,22,0,Healthy,99.9541
2026-07-15,SRV-109,Delhi,Web,50.3,61.85,65.77,63053,308.14,184.9,14,0,Healthy,99.9778
2026-07-15,SRV-110,Delhi,Database,54.82,67.79,59.08,60403,404.15,233.85,11,0,Healthy,99.9818
2026-07-16,SRV-101,Mumbai,Web,69.02,53.37,37.28,68325,192.36,140.63,16,0,Healthy,99.9766
2026-07-16,SRV-102,Mumbai,Web,63.14,57.12,77.42,65914,449.93,213.39,20,0,Healthy,99.9697
2026-07-16,SRV-103,Chennai,Database,40.7,62.63,58.8,100831,429.0,169.7,11,0,Healthy,99.9891
2026-07-16,SRV-104,Chennai,Database,38.83,52.28,68.8,65146,473.67,132.89,13,2,Healthy,99.98
2026-07-16,SRV-105,Bengaluru,Application,62.29,75.11,46.73,67463,327.44,192.65,22,1,Healthy,99.9674
2026-07-16,SRV-106,Bengaluru,Application,72.47,79.99,64.71,83901,455.92,141.58,16,0,Healthy,99.9809
2026-07-16,SRV-107,Hyderabad,API,42.46,42.34,76.51,58451,392.32,170.04,24,0,Healthy,99.9589
2026-07-16,SRV-108,Hyderabad,API,58.65,64.66,65.54,62795,406.0,234.62,21,1,Healthy,99.9666
2026-07-16,SRV-109,Delhi,Web,58.92,62.3,57.15,73711,477.79,216.57,14,2,Healthy,99.981
2026-07-16,SRV-110,Delhi,Database,57.89,88.02,63.09,48588,458.12,213.9,20,0,Warning,99.9588
2026-07-17,SRV-101,Mumbai,Web,51.99,61.8,65.46,61099,377.72,237.96,14,1,Healthy,99.9771
2026-07-17,SRV-102,Mumbai,Web,48.82,50.9,60.5,96822,309.37,114.76,13,2,Healthy,99.9866
2026-07-17,SRV-103,Chennai,Database,75.72,58.0,60.02,88988,243.92,116.17,21,1,Healthy,99.9764
2026-07-17,SRV-104,Chennai,Database,48.38,87.58,52.92,77768,620.61,249.39,19,2,Warning,99.9756
2026-07-17,SRV-105,Bengaluru,Application,54.92,75.12,68.04,65261,488.2,222.65,18,0,Healthy,99.9724
2026-07-17,SRV-106,Bengaluru,Application,46.4,43.33,57.26,73173,483.08,248.11,20,2,Healthy,99.9727
2026-07-17,SRV-107,Hyderabad,API,68.77,58.96,68.79,45939,454.86,123.6,16,0,Healthy,99.9652
2026-07-17,SRV-108,Hyderabad,API,56.69,44.32,60.91,72785,260.53,159.03,17,0,Healthy,99.9766
2026-07-17,SRV-109,Delhi,Web,57.47,58.22,32.16,72586,497.81,220.51,13,0,Healthy,99.9821
2026-07-17,SRV-110,Delhi,Database,64.19,74.27,57.1,71944,337.31,140.49,25,0,Healthy,99.9653
2026-07-18,SRV-101,Mumbai,Web,51.35,77.68,53.27,74789,306.9,184.57,17,1,Healthy,99.9773
2026-07-18,SRV-102,Mumbai,Web,57.96,62.87,64.32,76451,359.6,175.07,15,1,Healthy,99.9804
2026-07-18,SRV-103,Chennai,Database,41.68,67.67,46.0,111221,454.79,183.6,16,0,Healthy,99.9856
2026-07-18,SRV-104,Chennai,Database,94.37,89.44,59.81,92229,426.17,389.81,60,3,Critical,99.9349
2026-07-18,SRV-105,Bengaluru,Application,39.8,61.42,53.96,105150,316.56,259.64,19,1,Healthy,99.9819
2026-07-18,SRV-106,Bengaluru,Application,47.23,61.41,52.34,84037,368.96,148.09,16,1,Healthy,99.981
2026-07-18,SRV-107,Hyderabad,API,50.67,67.11,60.86,74521,346.41,177.25,25,1,Healthy,99.9665
2026-07-18,SRV-108,Hyderabad,API,67.46,67.05,69.79,66477,440.07,97.62,22,2,Healthy,99.9669
2026-07-18,SRV-109,Delhi,Web,55.81,70.53,62.36,62304,523.0,151.04,13,0,Healthy,99.9791
2026-07-18,SRV-110,Delhi,Database,58.58,69.61,56.2,57552,440.37,146.89,20,0,Healthy,99.9652
2026-07-19,SRV-101,Mumbai,Web,52.75,71.86,68.69,113843,452.58,206.08,11,0,Healthy,99.9903
2026-07-19,SRV-102,Mumbai,Web,58.25,65.04,74.27,80261,224.47,166.34,23,0,Healthy,99.9713
2026-07-19,SRV-103,Chennai,Database,70.56,61.77,49.01,67428,474.67,217.83,11,0,Healthy,99.9837
2026-07-19,SRV-104,Chennai,Database,94.09,87.25,64.87,93855,544.39,462.36,82,4,Critical,99.9126
2026-07-19,SRV-105,Bengaluru,Application,58.4,59.41,63.28,67876,285.4,219.21,20,0,Healthy,99.9705
2026-07-19,SRV-106,Bengaluru,Application,67.34,48.83,64.51,85011,503.42,125.46,25,1,Healthy,99.9706
2026-07-19,SRV-107,Hyderabad,API,34.54,39.23,59.27,91508,413.66,191.38,12,0,Healthy,99.9869
2026-07-19,SRV-108,Hyderabad,API,58.98,63.9,64.39,68467,394.05,203.09,21,0,Healthy,99.9693
2026-07-19,SRV-109,Delhi,Web,65.66,56.73,63.93,69202,355.42,195.28,18,0,Healthy,99.974
2026-07-19,SRV-110,Delhi,Database,54.77,58.97,65.2,50755,313.22,132.58,21,3,Healthy,99.9586
2026-07-20,SRV-101,Mumbai,Web,53.75,60.31,58.63,92428,443.84,138.27,20,2,Healthy,99.9784
2026-07-20,SRV-102,Mumbai,Web,33.28,55.12,71.27,69719,443.0,219.86,17,1,Healthy,99.9756
2026-07-20,SRV-103,Chennai,Database,42.83,69.83,49.31,75452,179.72,168.45,19,1,Healthy,99.9748
2026-07-20,SRV-104,Chennai,Database,89.86,89.17,54.04,41883,213.21,380.66,62,4,Warning,99.852
2026-07-20,SRV-105,Bengaluru,Application,49.18,69.75,36.54,53383,285.71,157.84,8,1,Healthy,99.985
2026-07-20,SRV-106,Bengaluru,Application,56.59,75.31,59.76,89886,360.97,177.12,26,0,Healthy,99.9711
2026-07-20,SRV-107,Hyderabad,API,61.95,65.48,47.36,87532,522.92,126.08,23,1,Healthy,99.9737
2026-07-20,SRV-108,Hyderabad,API,67.92,67.92,51.97,79011,639.91,230.94,24,0,Healthy,99.9696
2026-07-20,SRV-109,Delhi,Web,48.68,77.06,69.97,94904,511.36,190.46,18,0,Healthy,99.981
2026-07-20,SRV-110,Delhi,Database,51.38,58.83,69.98,86427,431.69,237.69,20,0,Healthy,99.9769
2026-07-21,SRV-101,Mumbai,Web,52.77,54.31,56.43,52724,386.46,227.16,17,1,Healthy,99.9678
2026-07-21,SRV-102,Mumbai,Web,38.08,66.65,49.64,42658,465.72,247.32,18,0,Healthy,99.9578
2026-07-21,SRV-103,Chennai,Database,50.15,63.29,60.05,43261,370.17,237.31,19,1,Healthy,99.9561
2026-07-21,SRV-104,Chennai,Database,58.26,73.58,49.56,77127,429.77,129.84,11,1,Healthy,99.9857
2026-07-21,SRV-105,Bengaluru,Application,35.71,53.0,57.63,57320,414.91,182.08,16,0,Healthy,99.9721
2026-07-21,SRV-106,Bengaluru,Application,56.51,61.86,50.24,76424,452.98,131.61,18,0,Healthy,99.9764
2026-07-21,SRV-107,Hyderabad,API,62.88,57.09,67.56,67988,475.68,141.3,18,0,Healthy,99.9735
2026-07-21,SRV-108,Hyderabad,API,57.05,74.6,60.64,57254,476.48,156.51,15,1,Healthy,99.9738
2026-07-21,SRV-109,Delhi,Web,46.67,66.55,62.1,86411,576.19,254.9,16,0,Healthy,99.9815
2026-07-21,SRV-110,Delhi,Database,58.92,78.29,59.45,69078,416.26,156.44,18,1,Healthy,99.9739
2026-07-22,SRV-101,Mumbai,Web,54.0,42.76,82.06,89352,304.27,273.71,25,2,Healthy,99.972
2026-07-22,SRV-102,Mumbai,Web,80.32,50.31,69.53,80727,419.23,187.34,9,1,Healthy,99.9889
2026-07-22,SRV-103,Chennai,Database,45.61,51.2,65.97,86837,527.95,183.56,20,1,Healthy,99.977
2026-07-22,SRV-104,Chennai,Database,57.54,79.26,56.89,69652,438.93,152.38,24,0,Healthy,99.9655
2026-07-22,SRV-105,Bengaluru,Application,73.48,55.04,66.66,58088,498.46,274.93,19,0,Healthy,99.9673
2026-07-22,SRV-106,Bengaluru,Application,46.41,65.36,53.74,84424,412.86,127.53,21,0,Healthy,99.9751
2026-07-22,SRV-107,Hyderabad,API,51.65,72.28,50.9,67937,447.98,231.76,19,0,Healthy,99.972
2026-07-22,SRV-108,Hyderabad,API,50.12,48.17,51.68,83753,460.61,210.51,17,1,Healthy,99.9797
2026-07-22,SRV-109,Delhi,Web,24.72,80.01,51.1,59488,246.18,203.57,21,0,Healthy,99.9647
2026-07-22,SRV-110,Delhi,Database,43.43,71.36,50.17,71794,358.44,205.21,21,2,Healthy,99.9707
2026-07-23,SRV-101,Mumbai,Web,60.76,60.26,56.47,77243,438.96,228.13,19,1,Healthy,99.9754
2026-07-23,SRV-102,Mumbai,Web,62.24,60.3,51.26,80125,364.51,183.53,20,0,Healthy,99.975
2026-07-23,SRV-103,Chennai,Database,52.98,63.99,52.08,69093,435.78,197.9,15,2,Healthy,99.9783
2026-07-23,SRV-104,Chennai,Database,25.9,61.7,57.34,91675,336.62,192.97,22,1,Healthy,99.976
2026-07-23,SRV-105,Bengaluru,Application,29.02,75.39,50.52,96255,482.96,197.66,20,1,Healthy,99.9792
2026-07-23,SRV-106,Bengaluru,Application,63.07,60.36,61.35,66187,616.47,164.55,19,0,Healthy,99.9713
2026-07-23,SRV-107,Hyderabad,API,67.03,67.17,60.07,97198,356.51,193.43,23,1,Healthy,99.9763
2026-07-23,SRV-108,Hyderabad,API,44.69,73.95,55.71,81654,456.74,207.77,8,1,Healthy,99.9902
2026-07-23,SRV-109,Delhi,Web,44.61,54.81,51.13,77036,284.64,111.39,13,0,Healthy,99.9831
2026-07-23,SRV-110,Delhi,Database,69.93,53.77,63.66,56602,603.76,259.7,20,2,Healthy,99.9647
2026-07-24,SRV-101,Mumbai,Web,59.45,73.53,49.59,65006,434.99,194.04,19,0,Healthy,99.9708
2026-07-24,SRV-102,Mumbai,Web,65.19,79.73,77.14,81494,618.16,217.8,22,1,Healthy,99.973
2026-07-24,SRV-103,Chennai,Database,41.35,52.61,58.19,80665,471.75,230.53,27,1,Healthy,99.9665
2026-07-24,SRV-104,Chennai,Database,56.99,58.17,62.05,77977,418.43,109.31,8,0,Healthy,99.9897
2026-07-24,SRV-105,Bengaluru,Application,46.61,74.52,63.89,77769,576.83,192.68,13,1,Healthy,99.9833
2026-07-24,SRV-106,Bengaluru,Application,66.44,61.55,50.45,81042,438.49,180.46,17,0,Healthy,99.979
2026-07-24,SRV-107,Hyderabad,API,54.65,84.78,62.92,73310,432.11,112.06,17,0,Healthy,99.9768
2026-07-24,SRV-108,Hyderabad,API,87.04,75.17,50.47,98748,388.22,429.39,64,3,Warning,99.9352
2026-07-24,SRV-109,Delhi,Web,61.75,66.17,68.24,80243,546.97,155.29,19,0,Healthy,99.9763
2026-07-24,SRV-110,Delhi,Database,49.12,66.69,70.49,75991,338.19,141.99,17,0,Healthy,99.9776
2026-07-25,SRV-101,Mumbai,Web,95.0,47.37,78.31,70388,352.77,176.19,15,1,Critical,99.9787
2026-07-25,SRV-102,Mumbai,Web,32.92,78.1,50.76,86191,490.84,131.15,17,1,Healthy,99.9803
2026-07-25,SRV-103,Chennai,Database,66.11,57.26,56.04,58340,366.53,243.91,18,0,Healthy,99.9691
2026-07-25,SRV-104,Chennai,Database,63.95,45.75,58.83,70251,326.87,116.74,24,0,Healthy,99.9658
2026-07-25,SRV-105,Bengaluru,Application,65.79,69.45,67.53,67794,544.78,60.0,8,1,Healthy,99.9882
2026-07-25,SRV-106,Bengaluru,Application,75.03,86.34,52.15,77009,335.57,241.51,14,0,Warning,99.9818
2026-07-25,SRV-107,Hyderabad,API,66.94,60.37,67.96,61391,601.33,131.23,21,2,Healthy,99.9658
2026-07-25,SRV-108,Hyderabad,API,90.29,58.24,45.61,68036,576.89,322.89,78,2,Critical,99.8854
2026-07-25,SRV-109,Delhi,Web,34.02,63.33,55.08,109505,405.37,201.39,20,1,Healthy,99.9817
2026-07-25,SRV-110,Delhi,Database,44.83,67.39,57.56,81729,382.17,164.03,12,1,Healthy,99.9853
2026-07-26,SRV-101,Mumbai,Web,50.58,57.4,49.52,81810,375.12,194.03,20,1,Healthy,99.9756
2026-07-26,SRV-102,Mumbai,Web,70.5,28.13,65.15,71696,387.68,191.52,19,0,Healthy,99.9735
2026-07-26,SRV-103,Chennai,Database,55.65,91.23,60.76,102637,554.97,75.02,15,0,Warning,99.9854
2026-07-26,SRV-104,Chennai,Database,57.25,64.3,67.49,97403,363.91,223.54,18,0,Healthy,99.9815
2026-07-26,SRV-105,Bengaluru,Application,55.32,63.02,52.03,67555,376.54,124.79,17,0,Healthy,99.9748
2026-07-26,SRV-106,Bengaluru,Application,58.18,71.48,51.44,55829,358.58,168.94,20,0,Healthy,99.9642
2026-07-26,SRV-107,Hyderabad,API,56.98,61.59,64.31,87827,383.96,191.87,22,1,Healthy,99.975
2026-07-26,SRV-108,Hyderabad,API,88.66,59.33,61.49,75580,443.93,392.35,79,3,Critical,99.8955
2026-07-26,SRV-109,Delhi,Web,64.61,83.11,50.64,81535,454.49,126.63,26,0,Healthy,99.9681
2026-07-26,SRV-110,Delhi,Database,50.19,80.71,59.03,61861,515.53,241.85,16,0,Healthy,99.9741
2026-07-27,SRV-101,Mumbai,Web,65.28,79.64,43.17,77541,319.3,173.97,19,1,Healthy,99.9755
2026-07-27,SRV-102,Mumbai,Web,62.17,75.0,53.47,72875,574.08,117.79,26,1,Healthy,99.9643
2026-07-27,SRV-103,Chennai,Database,64.09,76.59,50.52,85463,630.57,178.87,21,1,Healthy,99.9754
2026-07-27,SRV-104,Chennai,Database,59.2,64.98,58.49,95199,267.56,191.87,20,0,Healthy,99.979
2026-07-27,SRV-105,Bengaluru,Application,67.71,67.12,57.33,71367,489.78,168.92,17,1,Healthy,99.9762
2026-07-27,SRV-106,Bengaluru,Application,37.26,50.69,55.56,88388,414.52,97.76,22,1,Healthy,99.9751
2026-07-27,SRV-107,Hyderabad,API,50.28,76.7,63.38,66212,381.12,218.4,17,2,Healthy,99.9743
2026-07-27,SRV-108,Hyderabad,API,41.16,63.14,54.43,95949,420.04,247.46,19,1,Healthy,99.9802
2026-07-27,SRV-109,Delhi,Web,49.32,61.69,51.87,61473,404.14,213.18,12,3,Healthy,99.9805
2026-07-27,SRV-110,Delhi,Database,52.49,74.68,57.06,86696,455.34,106.97,21,2,Healthy,99.9758
2026-07-28,SRV-101,Mumbai,Web,61.74,68.06,45.52,96735,343.27,139.47,16,0,Healthy,99.9835
2026-07-28,SRV-102,Mumbai,Web,49.3,72.33,71.03,76592,500.29,165.41,17,0,Healthy,99.9778
2026-07-28,SRV-103,Chennai,Database,50.59,43.64,72.35,65417,179.05,170.0,17,1,Healthy,99.974
2026-07-28,SRV-104,Chennai,Database,46.88,71.63,39.45,83264,361.96,250.75,24,1,Healthy,99.9712
2026-07-28,SRV-105,Bengaluru,Application,51.94,58.62,49.92,67354,330.09,143.31,16,2,Healthy,99.9762
2026-07-28,SRV-106,Bengaluru,Application,61.44,65.67,50.38,100797,484.81,145.92,16,1,Healthy,99.9841
2026-07-28,SRV-107,Hyderabad,API,56.6,65.01,64.82,74887,415.5,195.96,18,2,Healthy,99.976
2026-07-28,SRV-108,Hyderabad,API,67.33,65.2,49.84,100640,456.41,168.18,21,1,Healthy,99.9791
2026-07-28,SRV-109,Delhi,Web,51.8,65.37,54.51,64897,732.19,226.99,22,0,Healthy,99.9661
2026-07-28,SRV-110,Delhi,Database,54.56,60.02,49.93,64904,361.18,178.8,13,1,Healthy,99.98
2026-07-29,SRV-101,Mumbai,Web,54.56,65.56,60.63,75119,362.86,176.98,19,0,Healthy,99.9747
2026-07-29,SRV-102,Mumbai,Web,49.57,60.7,63.23,71951,379.54,229.96,23,1,Healthy,99.968
2026-07-29,SRV-103,Chennai,Database,35.07,80.2,68.86,116251,307.03,240.23,21,0,Healthy,99.9819
2026-07-29,SRV-104,Chennai,Database,45.39,77.06,46.92,94612,384.82,130.53,15,0,Healthy,99.9841
2026-07-29,SRV-105,Bengaluru,Application,61.36,66.12,72.3,78843,249.98,146.31,21,1,Healthy,99.9734
2026-07-29,SRV-106,Bengaluru,Application,67.41,64.85,61.59,84834,580.91,197.07,19,0,Healthy,99.9776
2026-07-29,SRV-107,Hyderabad,API,61.79,61.39,71.96,42504,473.2,278.46,21,1,Healthy,99.9506
2026-07-29,SRV-108,Hyderabad,API,33.82,59.06,67.35,82449,550.83,172.96,13,0,Healthy,99.9842
2026-07-29,SRV-109,Delhi,Web,48.26,46.36,66.82,80338,562.05,164.0,14,1,Healthy,99.9826
2026-07-29,SRV-110,Delhi,Database,46.97,64.75,64.69,83849,302.37,290.23,15,3,Healthy,99.9821
2026-07-30,SRV-101,Mumbai,Web,42.62,73.13,58.32,58365,267.24,101.19,17,1,Healthy,99.9709
2026-07-30,SRV-102,Mumbai,Web,44.93,66.09,72.86,103108,515.83,165.85,16,1,Healthy,99.9845
2026-07-30,SRV-103,Chennai,Database,51.39,32.71,56.91,91869,491.54,180.29,27,0,Healthy,99.9706
2026-07-30,SRV-104,Chennai,Database,57.42,68.52,59.42,67704,455.5,252.38,22,0,Healthy,99.9675
2026-07-30,SRV-105,Bengaluru,Application,56.12,56.66,63.74,73996,379.93,187.61,17,2,Healthy,99.977
2026-07-30,SRV-106,Bengaluru,Application,69.21,65.0,52.17,78284,444.9,161.13,19,0,Healthy,99.9757
2026-07-30,SRV-107,Hyderabad,API,56.97,60.94,45.51,84546,584.37,217.54,20,2,Healthy,99.9763
2026-07-30,SRV-108,Hyderabad,API,47.76,55.63,65.8,99114,435.72,206.2,22,0,Healthy,99.9778
2026-07-30,SRV-109,Delhi,Web,30.82,49.49,64.57,79730,235.44,202.21,22,0,Healthy,99.9724
2026-07-30,SRV-110,Delhi,Database,46.86,61.62,69.09,36939,371.6,161.49,20,0,Healthy,99.9459
